{"cameraMode":{"drawMode":0,"name":"Shaded","section":"Shading Mode"},"sceneLighting":false,"audioPlay":false,"sceneViewState":{"showFog":true,"showMaterialUpdate":false,"showSkybox":false,"showFlares":true,"showImageEffects":true,"showParticleSystems":true},"in2DMode":false,"pivot":{"x":-3.1033058166503908,"y":10.314000129699707,"z":-40.589996337890628},"rotation":{"x":0.3654361069202423,"y":0.492279589176178,"z":-0.23889771103858949,"w":0.7530274391174316},"size":262.95672607421877,"orthographic":false}