{"cameraMode":{"drawMode":0,"name":"Shaded","section":"Shading Mode"},"sceneLighting":true,"audioPlay":false,"sceneViewState":{"showFog":true,"showMaterialUpdate":false,"showSkybox":true,"showFlares":true,"showImageEffects":true,"showParticleSystems":true},"in2DMode":false,"pivot":{"x":771.214111328125,"y":12.480619430541993,"z":353.2978820800781},"rotation":{"x":0.2862529158592224,"y":0.27243971824645998,"z":-0.08526338636875153,"w":0.9146439433097839},"size":39.847015380859378,"orthographic":false}